{
  "train_loss": [
    1.2536338754282652,
    1.119337637574618,
    1.0082011710823948,
    0.9259107145871824,
    0.8489396524338322,
    0.7763581275939941,
    0.7311866291379201,
    0.6801963431462077,
    0.6361840290536407,
    0.5980021089656662,
    0.5684411363064787,
    0.5442434950298025,
    0.521862149807333,
    0.5002984235646161,
    0.4786321349043883,
    0.4713497889860896,
    0.45677435833192964,
    0.4524884259769025,
    0.44460288310096463,
    0.44180329980058525
  ],
  "val_loss": [
    1.138930857181549,
    0.8959196209907532,
    0.7862604409456253,
    0.6646552979946136,
    0.5553236901760101,
    0.48299647122621536,
    0.4230157434940338,
    0.37271536886692047,
    0.32844776660203934,
    0.30312008038163185,
    0.30159158632159233,
    0.2680458053946495,
    0.2660152316093445,
    0.2535978816449642,
    0.25269530341029167,
    0.24314453452825546,
    0.23928801715373993,
    0.23813334107398987,
    0.237726379185915,
    0.2358211912214756
  ],
  "train_f1": [
    0.368,
    0.4814,
    0.5502,
    0.5952,
    0.6328,
    0.6668,
    0.6872,
    0.7119,
    0.731,
    0.746,
    0.7582,
    0.7706,
    0.7803,
    0.7886,
    0.7986,
    0.8014,
    0.8076,
    0.8094,
    0.8131,
    0.8137
  ],
  "val_f1": [
    0.4675,
    0.6047,
    0.6681,
    0.7229,
    0.7708,
    0.815,
    0.8425,
    0.8564,
    0.8781,
    0.8882,
    0.8858,
    0.9039,
    0.904,
    0.9116,
    0.9154,
    0.9258,
    0.9255,
    0.925,
    0.9223,
    0.9286
  ],
  "train_acc": [
    0.3817,
    0.4852,
    0.552,
    0.5968,
    0.6342,
    0.6684,
    0.6884,
    0.713,
    0.732,
    0.7471,
    0.7593,
    0.7714,
    0.7811,
    0.7894,
    0.7993,
    0.8019,
    0.8083,
    0.8099,
    0.8136,
    0.8145
  ],
  "val_acc": [
    0.474,
    0.606,
    0.668,
    0.724,
    0.772,
    0.815,
    0.843,
    0.857,
    0.88,
    0.889,
    0.888,
    0.906,
    0.906,
    0.913,
    0.917,
    0.927,
    0.927,
    0.927,
    0.924,
    0.93
  ]
}